Thématique,Niveau,Acronyme,Secret,Nom complet,Création,Description,Description plus simple,PRINCIPAUX LIENS avec,
,Répertoire national,RNIPP,,[Répertoire national d’identification des personnes physiques],1946,"Fichier d’état civil tenu par l’Insee qui recense les NIR (numéro d’inscription au répertoire, dit « numéro de sécu »). Est inscrite d'office toute personne née en France. Environ 100 millions d'entrées (personnes décédées comprises). ","Fichier d’état civil de toute personne née en France (ou française née à l’étranger). Recense les NIR (numéro d’inscription au répertoire, dit « numéro de sécu »).
Utilisé par RNIAM (santé), RNSPS (social), Adonis (impôts) et DUDE (emploi). Permet la gestion du fichier électoral.
Environ 100 millions d’entrées (personnes décédées comprises).","LIEN1: RNIAM; ADONIS (fisc); 
LIEN2: RNCPS; CRISTAL; CJNA (casier)",
ÉDUCATION,Régional,AFFELNET,,[Affectation des élèves par le Net],2008,"Passerelle de tri en fin de cycle, obligatoire pour toute inscription en collège ou lycée (paliers 6e, 3e et 1re).","Passerelle de tri pour toute inscription en classe de 6e, 2de et 1re.",LIEN1: RNIE; ONDE; SIECLE ,
ÉDUCATION,National,APOGEE,,[Application pour l’organisation et la gestion des enseignements et des étudiants],1995,"Gestion des inscriptions et des dossiers étudiants. Contient le NIR. Connecte 90 institutions. 2,7 millions d’étudiants (2019). ","Gestion des inscriptions et des dossiers étudiants. Contient le NIR. Connecte 90 institutions. 2,7 millions d’étudiants (2019). ",LIEN1: RNIE; RNIPP; Parcoursup,
ÉDUCATION,Local,Cantines,,,2010,"Les fichiers de gestion des cantines scolaires peuvent être biométriques (paumes de la main). Progiciels connus : Alise, Turboself. ","Gestion des cantines scolaires, parfois biométriques (paume de la main). Progiciels connus : Alise, Turboself. ",LIEN1: ONDE; SIECLE; PRONOTES,
ÉDUCATION,National,CPA / CPF,,[Compte personnel d’activité],2016,"Parcours professionnel de chaque individu. Le CPF contient une sorte de CV, le « passeport orientation-formation ».",Parcours professionnel et de formation de chaque individu.,"LIEN1: RNIE
LIEN2: Min. EMPLOI",
ÉDUCATION,Régional,LSUN-LSL,,[Livret scolaire unique numérique - Livret scolaire lycées],2016,"LSUN : école et collège (du CP à la 3e) ; LSL : jusqu'à la terminale. Remplacent l'ancien livret personnel de compétences. Peut contenir des données sensibles (comportement, handicaps). ","Suivi des élèves des écoles/collèges (LSUN) et lycées (LSL). Peut contenir des données sensibles (comportement, handicaps). ",LIEN1: SIECLE; ONDE; SDO; parcoursup; CPF,
ÉDUCATION,Régional,MOSART,,[Module de saisie des absences et retenues sur traitement],2010,"Enseignants fichés selon les retenues de salaire pour « service non fait » (grèves, absences).","Enseignants fichés selon les retenues de salaire pour « service non fait » (grèves, absences).",LIEN1: RNIPP,
ÉDUCATION,Régional,ONDE,,[Outil numérique pour la direction d’école],2007,"Ex-Base élèves premier degré (BE1D) renommé en 2017. Accès par chaque municipalité (inscriptions, vérification de l'assiduité). ","Élèves du premier degré. Accès par chaque municipalité (inscriptions, vérification de l'assiduité). ",LIEN1: RNIE; SIECLE; LSUN,
ÉDUCATION,National,PARCOURSUP,,[ex-Admission post-bac],2018,Affectation des bacheliers à un cursus d’études supérieures.,Affectation des bacheliers à un cursus d’études supérieures.,LIEN1: RNIE; Apogée,
ÉDUCATION,Local,Pronote,,,2003,"Logiciel privé installé dans 90 % des collèges et lycées. Utilise Siecle pour gérer vie scolaire (notes, absences, devoirs) et relations profs-parents. ","Logiciel privé installé dans 90 % des collèges et lycées. Utilise Siecle pour gérer la vie scolaire (notes, absences, devoirs) et les relations profs-parents. ",LIEN1: SIECLE; CANTINES,
ÉDUCATION,Répertoire national,RNIE,,"[Répertoire national des identifiants des élèves, étudiants et apprentis]",2012,"Recense les INE (identifiant national élève) attribués à chaque enfant dès l’école maternelle, qui le suivra toute sa vie (pour ses besoins de formation). 12,3 millions d’élèves (2021). ","Recense les INE (identifiant national élève) attribués dès l’école maternelle. 12,3 millions d’élèves (2021). ","LIEN1: Onde; Siecle; SDO, Parcoursup... ",
ÉDUCATION,Régional,SAGESSE,,[Système automatisé de la gestion de la santé en établissement],2001,Base des infirmeries scolaires. Connecté aux bases élèves de chaque établissement. Remontées anonymes aux rectorats.,Base des infirmeries scolaires. Connecté aux bases élèves de chaque établissement. Remontées anonymes aux rectorats.,"LIEN1: SIECLE, ONDE",
ÉDUCATION,National,SDO,,[Suivi de l’orientation],2010,Fichier des élèves « décrocheurs » du second degré. Alimenté par Siecle et relié aux fichiers i-Milo (voir EMPLOI).,Fichier des élèves « décrocheurs » du 2nd degré. Alimenté par Siecle et relié aux fichiers i-Milo.,"LIEN1: RNIE; SIECLE; 
LIEN2: PARCOURS-3",
ÉDUCATION,Régional,SIECLE,,"[Système d’information pour les élèves de collège, de lycée et pour les établissements]",2006,"Ex-fichier Sconet renommé en 2012. Équivalent de la base Onde pour le 2nd degré. Alimente LSUN, SDO (« décrocheurs »). Relié aux espaces numériques de travail (ENT) ou aux progiciels comme Pronote ou de gestion des cantines.","Élèves du 2nd degré. Alimente LSUN, SDO (« décrocheurs »). Relié aux espaces numériques de travail (ENT) ou aux progiciels comme Pronote ou de gestion des cantines.",LIEN1: RNIE; ONDE; LSUN; SDO; +CANTINES,
EMPLOI,Régional,CAP SITERE,,"[Contrôle, action, pilotage-système d’information travail en réseau]",2005,Fichier des inspections du travail. Contient « identités de salariés concernés par certaines procédures » et « statistiques sur le suivi des conflits d’entreprise ».,Fichier des inspections du travail. Contient « identités de salariés concernés par certaines procédures » et « statistiques sur le suivi des conflits d’entreprise ».,"Faire LIEN1 entre Min EMPLOI et RNIPP
LIEN1: Min EMPLOI; 
Lien2: PRECAR-IT",
EMPLOI,National,DUDE,,[Dossier unique du demandeur d’emploi],2008,Fichier national géré par les délégations départementales de Pôle emploi.,Fichier national géré par les délégations départementales de Pôle emploi.,"LIEN1: Min EMPLOI
LIEN2: i-Milo (Parcours-3); ",
EMPLOI,Local,i-Milo,,,2014,Ex-« Parcours 3 ». Fichier des missions locales pour l’emploi. Relié à SDO et aux fichiers sociaux via la demande de RSA.,Fichier des missions locales pour l’emploi. Relié à SDO et aux fichiers sociaux.,"
LIEN2: SDO; SDAS; Dude (Pole emploi)",
EMPLOI,Régional,PRECAR-IT,,Contrôle du travail précaire,2005,Géré par les inspections du travail. Contrats d'intérim et précaires. ,Géré par les inspections du travail. Contrats d'intérim et précaires. ,LIEN2: CAPSITERE,
ENFANCE,Local,ASE,,[Aide sociale à l’enfance],2010,"Ex-DDASS, service départemental de protection de l’enfance. Alimente le fichier des « informations préoccupantes » (CRIP). ",Service départemental de protection de l’enfance. Alimente le fichier des « informations préoccupantes » (CRIP). ,"LIEN1: RNCPS; CRIP; 
LIEN2: ONED",
ENFANCE,Local,Crèches,,,-,Admissions en crèche municipale. Lien possible avec Onde via les mairies (inscription en école maternelle) et avec les fichiers de la CAF (facturation).,Admissions en crèche municipale. Lien possible avec Onde via les mairies (inscription en école maternelle) et avec les fichiers de la CAF (facturation).,LIEN2: ONDE; CRISTAL; ,
ENFANCE,Local,CRIP,,[Cellules de recueil des informations préoccupantes],2007,Données gérées par les conseils départementaux au sein des ASE. Partage possible avec des magistrats.,Géré par les conseils départementaux au sein des ASE. Partage possible avec des magistrats.,LIEN1: ASE,
ENFANCE,Local,PMI,,[Protection maternelle et infantile],-,Services de pédiatrie des mairies ou des départements. Le NIR d'un des parents sert d'identifiant.,Services de pédiatrie des mairies ou des départements. Le NIR d'un des parents sert d'identifiant.,"LIEN1: RNIAM; 
LIEN2: ASE; CRIP",
ENFANCE,Local,Prénatal,,,2000,Signalements de grossesses par les examens prénataux. Le NIR de la mère sert d'identifiant. Transmission à la CAF. ,Signalements de grossesses par les examens prénataux. Le NIR de la mère sert d'identifiant. Transmission à la CAF. ,"LIEN1: RNIAM; 
LIEN2: Cristal",
FISCALITÉ,National,ADONIS,,Accès aux dossiers fiscaux des particuliers,2002,"Géré par la Direction générale des finances publiques. Liens prévus avec fichiers sociaux, santé, emploi...",Géré par la Direction générale des finances publiques.,"LIEN1: Min FINANCES; +lien entre Min Finance et RNIPP 
LIEN2: FICOBA, EVAFISC; SIRIUS",
FISCALITÉ,National,EVAFISC,,[Évasion fiscale],2009,Fichier des comptes bancaires détenus hors de France (sociétés et individus). ,Fichier des comptes bancaires détenus hors de France (sociétés et individus). ,LIEN2: ADONIS; FICOBA; Sirius,
FISCALITÉ,National,FCC,,[Fichier central des chèques],1955,Le fichier central des chèques (FCC) recense les personnes interdites bancaires. Tenu par la Banque de France. ,Interdits bancaires. Tenu par la Banque de France. ,LIEN2: ADONIS; FICOBA; FICP,
FISCALITÉ,National,FICOBA,,Fichier national des comptes bancaires et assimilés,1982,Titulaires de comptes établis en France.  Consultable par la magistrature et la police judiciaire. Env. 80 millions de titulaires de toute nationalité (2018).,Titulaires de comptes établis en France.  Consultable par la magistrature et la police judiciaire. Env. 80 millions (2018).,"LIEN2: ADONIS; FCC; FICP
LIEN2: Min INTER + JUSTICE",
FISCALITÉ,National,FICP,,Fichier des incidents de remboursement des crédits aux particuliers,2010,Fichier des surendettements. Tenu par la Banque de France. ,Dossiers de urendettement. Tenu par la Banque de France. ,LIEN2: FCC; FICOBA; ADONIS,
FISCALITÉ,National,SIRIUS,,Situation fiscale des particuliers et des entreprises,2010,Recoupe données bancaires et fiscales pour détecter anomalies ou fraudes et opérer des redressements.,Recoupe données bancaires et fiscales pour détecter anomalies ou fraudes et opérer des redressements.,LIEN2: tous les autres fichiers FISC,
IMMIGRATION,National,ADGREF,,[Application de gestion des dossiers des ressortissants étrangers en France],1993,Fichier central des étrangers en demande d'un titre de séjour ou en situation irrégulière. Biométrique (visage et empreintes).,Fichier central des étrangers en demande d'un titre de séjour ou en situation irrégulière.,"Lien1: Prénat, RNCPS, RNIPP
LIEN2: FPR; N-SIS-2; Eloi, VIS-VISABIO, Eurodac",Biométrique (visage et empreintes).
IMMIGRATION,National,ELOI,,Traitement pour « faciliter l'éloignement »,2010,Étrangers en voie d'expulsion après placement en centre de rétention. Peut ficher aussi des personnes solidaires.,Étrangers en voie d'expulsion après placement en centre de rétention. Peut ficher aussi des personnes solidaires.,"Lien1: ADGREF; OSCAR; 
Lien2: FRONTEX; EURODAC (EU)",biométrique
IMMIGRATION,Européen,EURODAC,,Base dactylographique européenne,2003,Base de données commune d’empreintes digitales des demandeurs d’asile. Alimentée par chaque pays de l'UE.,Base de données commune d’empreintes digitales des demandeurs d’asile.,LIEN2: ELOI; FRONTEX,biométrique
IMMIGRATION,Européen,JRO-FRONTEX,,,2010,Fichier des « expulsions groupées » (Joint Return Operations) de l'agence européenne Frontex (sécurité des frontières extérieures). En lien avec ELOI en France.,Fichier des « expulsions groupées » (Joint Return Operations) de l'agence Frontex (sécurité des frontières extérieures). En lien avec ELOI.,LIEN2: Europol; N-SIS-2; EURODAC; ELOI; ,
IMMIGRATION,National,OSCAR,,[Outil de statistique et de contrôle de l’aide au retour],2010,Recense les personnes « reconduites » (mineurs compris) ayant reçu une aide financière. Biométrique.,Personnes « reconduites » (mineurs compris) ayant reçu une aide financière. ,LIEN1: ELOI,Biométrique
IMMIGRATION,National,PRÉNAT,,,2009,Centralisation des demandes de naturalisation.,Centralisation des demandes de naturalisation.,LIEN1: ADGREF,
IMMIGRATION,National,VISABIO,,,2010,Demandeurs de visa (contrôle biométrique aux frontières). Partie nationale du fichier européen VIS (Visa Information System).,Demandeurs de visa. Partie du fichier européen VIS (Visa Information System).,LIEN1: VIS,(contrôle biométrique aux frontières)
JUSTICE,National,AEM ,,[Appui à l'évaluation de la minorité],2019,"Fichiers des mineurs isolés, biométrique (empreintes digitales)",Fichiers des mineurs isolés.,"LIEN1 : Cassiopée; EURODAC; 
LIEN2: TAJ",biométrique (empreintes digitales)
JUSTICE,National,CASSIOPEE,,[Chaîne applicative supportant le système d’information orienté procédure pénale et enfants],2011,"Recence toute personne poursuivie. Alimentée par les magistrats, siège ou parquet. Des interfaces spécialisées s'y connectent (pour juges d'instruction, juges des enfants ou d'application des peines, etc.).","Recense toute personne poursuivie. Alimentée par les magistrats, siège ou parquet.","LIEN1: Min JUS; CNJA; Mineurs: DUP; CEF. 
LIEN2: fichiers ASE, Crip... (voir ENFANCE).",biométrique
JUSTICE,National,CJNA,,[Casier judiciaire national automatisé],1966,Automatisé en 1982. Recense les condamnations (faits jugés). Données conservées entre vingt et quarante ans.,Automatisé en 1982. Recense les condamnations (faits jugés). Données conservées entre vingt et quarante ans.,"LIEN1: Cassiopée; ECRIS + autre liens ci-dessous
LIEN2: Rens. INTER + ARMEES",
JUSTICE,Local,DUP,,[Dossier unique de personnalité],2011,Suivi des mineurs connus de la justice. Tenu par la PJJ  dans chaque département.,Suivi des mineurs connus de la justice. Tenu par la PJJ  dans chaque département.,"LIEN1: Cassiopée, CEF (Centres éducatifs fermés).
LIEN2: ASTREE (rens. / mineurs)",
JUSTICE,EU,ECRIS,,European Criminal Records Information System,2012,Base de données de tous les casiers judiciaires des pays de l’UE. En 2022 doit être créé ECRIS-TCN (Third-Country Nationals) : casier des ressortissants d’États tiers et condamnés dans l’UE. ,Tous les casiers judiciaires des pays de l’UE. En 2022 doit être créé ECRIS-TCN (Third-Country Nationals) : casier des ressortissants d’États tiers et condamnés dans l’UE. ,"CJNA; Cassiopée; Europol; SIS-2
LIEN2: PASP-EASP; GIPASP; ( ou Rens. INTER, ARMEE)",
JUSTICE,National,FIJAISV,,[Fichier judiciaire automatisé des auteurs d’infractions sexuelles ou violentes],2005,Élargi aux auteurs de « crimes graves » en 2009. Personnes poursuivies aussi bien que condamnées. ,Élargi aux auteurs de « crimes graves » en 2009. Personnes poursuivies ou condamnées. ,LIEN1: Cassiopée; CJNA (casier); FPR,
JUSTICE,National,FIJAIT,,[Fichier judiciaire automatisé des auteurs d’infractions à caractère terroriste],2015,Personnes condamnées (y compris par un tribunal étranger). Diffère en cela du FSPRT (suspectés).,Personnes condamnées (y compris par un tribunal étranger). Diffère en cela du FSPRT (suspectés).,"Lien1: Cassiopée; CJNA
LIEN2: IST (interdit de sortie); Min INTER; Min ARMEES",
LOGEMENT,Local,115 / SAMU social,,,1997,"Fichiers du 115, services de maraudes actifs dans certaines villes et gérés par des groupements d’intérêt public (GIP).","Fichiers du 115, services de maraudes actifs dans certaines villes, gérés par des groupements d’intérêt public (GIP).",LIEN1: SIAO,
LOGEMENT,National,ADOMA,,,2007,Ex-Sonacotra. Réseau de centres d’hébergement pour réfugiés ou travailleurs étrangers.,Réseau de centres d’hébergement pour réfugiés ou travailleurs étrangers.,LIEN1: SIAO,
LOGEMENT,National,DALORIF,,,2007,"Fichier de gestion des candidatures DALO (droit au logement opposable, loi Borloo, 2007).",Candidatures DALO (droit au logement opposable).,LIEN1: ; RNCPS; Cristal; SIAO,
LOGEMENT,National,DN@,,[Dispositif national d’accueil],1991,Foyers pour réfugiés demandeurs d’asile (géré par l’Office français de l’immigration). Certains foyers Adoma en font partie.,Foyers pour réfugiés demandeurs d’asile (géré par l’Office français de l’immigration).,"LIEN1: SIAO; 
LIEN2: ADGREF (étrangers)",
LOGEMENT,National,SIAO,,[Services intégrés d’accueil et d’orientation],2009,Guichet central pour demandeurs d’hébergement d’urgence. ,Guichet central pour demandeurs d’hébergement d’urgence. ,"(Placer SIAO au centre des fichiers d'hébergement?)
LIEN1: RNCPS, Cristal; FSL; SNE-DLS, Syplo; DN@; DALORIF; SDAS, Samu social, Adoma... 
LIEN2: i-Milo (emploi)",
LOGEMENT,National,SNE-DLS,,[Système national d’enregistrement des demandes de logement social],2011,"Guichet unique national géré ensuite localement (communes, départements, préfectures).","Guichet unique national géré ensuite localement (communes, départements, préfectures).",LIEN1: Cristal; FSL; SIAO,
LOGEMENT,National,SYPLO,,[Système priorité logement],2011,Gestion par les préfets du contingent de logements sociaux réservés aux ménages prioritaires. Inscription à partir des points SIAO.,Gestion par les préfets du contingent de logements sociaux réservés aux ménages prioritaires. Inscription à partir des points SIAO.,LIEN1: RNCPS; Cristal; SIAO,
POLICE,National,ADOC,,Accès aux dossiers des contraventions,2004,"Concernait au départ les infractions routières (radars). Étendu en 2020 à toute « amende forfaitaire », y compris délictuelles (détention de stupéfiants). Accessible aux sociétés de location de voitures. ","Toute amende forfaitaire, y compris délictuelle (détention de stupéfiants). Accessible aux sociétés de location de voitures. ","Lien1: FNPC; TAJ; CASSIOPEE (justice)
LIEN2: FIV (véhicules); SCA (radars); FOVES; ",
POLICE,Local,ANACRIM / MERCURE,,,2012,"Anacrim (gendarmerie), Mercure (police). Outils de rapprochements judiciaires entre différentes enquêtes criminelles.","Anacrim (gendarmerie), Mercure (police). Outils de rapprochements judiciaires entre différentes enquêtes criminelles.",LIEN1: Min INTER; Min ARMEES; ,
POLICE,Européen,EUROPOL,,[Office européen de police],1995,Fichiers d’analyse criminelle (suspects ou condamnés) alimentés par chaque État membre via des « unités nationales de contact ».,Fichiers d’analyse criminelle (suspects ou condamnés).,"LIEN1: TAJ; FPR; N-SIS-2 
LIEN2: FAED, FNAEG; rens INTER + ARMEE",
POLICE,National,FAED,,[Fichier automatisé des empreintes digitales],1987,"Héritier des premiers fichiers anthropométriques (1904). Accessible depuis l’étranger (accords de Prum, Europol, Interpol).","Héritier des premiers fichiers anthropométriques (1904). Accessible depuis l’étranger (accords de Prum, Europol, Interpol).","LIEN1: Cassiopee (justice)
LIEN2: TAJ; FNAEG; PRUM (Eu); Europol",biométrique
POLICE,National,FNAEG,,[Fichier national automatisé des empreintes génétiques],1998,"Centralisé par la police scientifique à Écully (Rhône). Accessible depuis l'étranger (accords de Prum, Europol, Interpol. Fiche 4,8 millions de personnes (2020).","Centralisé par la police scientifique à Écully (Rhône). Accessible depuis l'étranger (accords de Prum, Europol, Interpol). 4,8 millions de personnes (2020).","LIEN1: Cassiopee 
LIEN2: TAJ; FAED; Prum; Europol",biométrique
POLICE,National,FNG-CNI,,[Fichier national de gestion - cartes nationales d’identité],1987,"Carte biométrique. Depuis 2021, la CNI comporte deux empreintes digitales en plus de la photo du visage. Lecture optique facilitée lors de contrôles d'identité. ","Depuis 2021, la CNI comporte deux empreintes digitales en plus de la photo du visage. Lecture optique facilitée lors de contrôles d'identité. ",LIEN1: TES,biométrique
POLICE,National,FNIS ,,Fichier des interdictions de stades,2007,Interdictions judiciaires ou administratives (préfets). ,Interdictions judiciaires ou administratives (préfets). ,"Lien1: CASSIOPEE; 
Lien2: PASP-GIPASP; FPR, GESTEREXT...",
POLICE,National,FPR,"En partie: ""Fiches S"" seulement",[Fichier des personnes recherchées],1969,"Le plus vieux des fichiers policiers créé par la gendarmerie. Clandestin puis officialisé en 1996. Fichier à la fois judiciaire et administratif. Personnes recherchées (mineurs en fugue, mandats d’arrêt, évasions, contrôles judiciaires, etc.) ou signalées : l'une de ses 21 catégories est « S » (sûreté de l’État), divisée en 16 sous-sections (hooligans, djihadistes, militants radicaux, etc.). ","Personnes recherchées (mineurs en fugue, mandats d’arrêt, évasions, contrôles judiciaires, etc.) ou signalées. L'une de ses 21 catégories est « S » (sûreté de l’État), divisée en 16 sous-sections (hooligans, djihadistes, militants radicaux, etc.). Fichier d'abord clandestin puis officialisé en 1996.","LIEN1: N-SIS-2; Europol; API-PNR (transports); FIJAISV; ADGREF; 
LIEN2: PASP-GIPASP; FSPRT (TERRO); GESTEREXT, CGEEDRT; +ACCRED...",
POLICE,Européen,N-SIS-2,,Base nationale du Système d’information de l’espace Schengen,2007,"Recense mandats d’arrêt, interdits de séjour, personnes ciblées comme « menaces » par au moins un État membre. Interconnecté avec une douzaine de fichiers français. Env 800 000 (2016). Biométrique.","Recense mandats d’arrêt, interdits de séjour, personnes ciblées comme « menaces » par au moins un État membre. Env. 800 000 (2016).","Lien1: FPR; FOVES; TES
Lien2: LAPI; ACCRED; EASP",biométrique
POLICE,National,OCTOPUS,OUI,[Outil de centralisation et de traitement opérationnel des procédures et des utilisateurs de signatures] ,2008,"Fichier d’identification des graffeurs. Créé par la préfecture de police de Paris, géré et alimenté avec la police ferroviaire (SNCF, RFF, RATP). Acte réglementaire de création non publié. ","Identification des tagueurs et graffeurs. Créé par la préfecture de police de Paris, géré et alimenté avec la police ferroviaire. Acte réglementaire de création non publié. ",LIEN2: TAJ; Min INTER,
POLICE,National,OSIRIS,,[Outil et système d'informations relatives aux infractions sur les stupéfiants],2006,"Géré par l'Office anti-stupéfiants (Ofast). Clandestin puis officialisé en 2016. Devenu un fichier d'antécédents, parallèle au TAJ.","Géré par l'Office anti-stupéfiants (Ofast). Clandestin puis officialisé en 2016. Devenu un fichier d'antécédents, parallèle au TAJ.","LIEN1: Min Inter;
LIEN2: TAJ, FPR, Rens. INT, DNRED (Douanes)",
POLICE,Européen,PRUM,,"
Traité de Prum (espace Schengen)",2005,Accord prévoyant l'interconnexion de nombreux fichiers policiers de chaque État membre.,Accord prévoyant l'interconnexion de nombreux fichiers policiers de chaque État membre.,"Lien1: N-SIS-2, FNAEG, FAED; SIV (véhicules); FNIS (stades); 
LIEN2: antiterro: FIJAIT, FPR, FSPRT, PASP, GIPASP",
POLICE,National,TAJ,,[Traitement d’antécédents judiciaires],2012,"Recense suspects (dès la garde à vue) mais aussi témoins et victimes. Fusion des fichiers de police (STIC) et de gendarmerie (Judex). Équipé d'un module de reconnaissance faciale. Environ 9,5 millions de  « mis en cause » (2015), dont 3,4 millions avec photo du visage. ","Recense suspects (dès la garde à vue), témoins, victimes. Fusion des fichiers de police (STIC) et de gendarmerie (Judex). Environ 9,5 millions de  « mis en cause » (2015), dont 3,4 millions avec photo (module de reconnaissance faciale). ","LIEN1: FAED; Cassiopée (magistrats); 
LIEN2: FNAEG; FPR; EUROPOL",biométrique
POLICE,National,TES,,[Titres électroniques sécurisés],2008,"Élargi en 2016 pour cumuler les données du TES d’origine (passeport) et du fichier des cartes d’identité. Biométrique. Connecté à tous les logiciels de rédactions de procédure (police, gendarmerie). Reconnaissance faciale possible via le TAJ. ","Élargi en 2016 pour cumuler les données du TES d’origine (passeport) et du fichier des cartes d’identité. Connecté aux logiciels de rédaction de procédure (police, gendarmerie). Reconnaissance faciale possible via le TAJ. ","LIEN1: FNCI; TAJ; FPR
LIEN2: Rens. Min INTER, Rens. Min ARMEES; Rens. douane (DNRED); Interpol; N-SIS-2",biométrique
PRISONS,National,APPI,,"[Application des peines, probation et insertion]",2011,Fichier commun aux JAP (juges d’application des peines) et aux SPIP (services pénitentiaires d’insertion et de probation).,Fichier commun aux juges d’application des peines (JAP) et aux services pénitentiaires d’insertion et de probation (SPIP).,LIEN1: Cassiopée; Genesis; CJNA; PSE; PSEM (bracelets); ,
PRISONS,Local,CEF,,[Centres éducatifs fermés],2003,"Antichambres de la prison pour mineurs (13 à 18 ans). 53 centres ouverts en 2022, 17 de plus en projet. 700 enfants pris en charge. Gérés par les directions départementales de la PJJ (protection judiciaire de la jeunesse).","Antichambres de la prison pour mineurs (13 à 18 ans). 53 centres en 2022, 17 en projet. 700 enfants pris en charge. Gérés par les directions départementales de la protection judiciaire de la jeunesse (PJJ).","LIEN1: Cassiopée; DUP; 
LIEN2: PSE (bracelet) ;",
PRISONS,National,DPS,OUI,Détenus particulièrement surveillés,1967,Détenus soumis à un régime de surveillance strict. ,Détenus soumis à un régime de surveillance strict. ,"LIEN1: GENESIS; APPI; CAR; 
LIEN2: Rens INTER ARMEE",
PRISONS,National,GENESIS,,[Gestion nationale des personnes écrouées pour le suivi individualisé et la sécurité],2014,Fichier central des personnes détenues. Dresse leurs profils dont leurs « contentieux » en détention. Accès restreint possible pour certains recrutements comme avec la CAF ou Pôle emploi. Env. 70 000 (2022).,"Profil des personnes détenues, dont leurs « contentieux » en détention. Env. 70 000 (2022).","LIEN1: APPI; Cassiopée; CAR (rens. prison); 
LIEN2: Cristal; RSA; DUDE; Pole emploi",
PRISONS,National,PSE,,[Placements sous surveillance électronique],2010,"Détention à domicile sous bracelet « fixe » (petites peines, contrôles judiciaires). Géré par les SPIP. Env. 10 000 par an. ","Détenus à domicile sous bracelet (petites peines, contrôles judiciaires). Géré par les SPIP. Env. 10 000 par an. ","Lien1: Cassiopee; APPI; GENESIS
LIEN2: CEF (mineurs)",
PRISONS,National,PSEM,,[Placements sous surveillance électronique mobile],2010,"Détenus sous bracelet géolocalisé (fin de longues peines, rétention de sûreté, assignations administratives...). Env. 100 par an.","Détenus sous bracelet géolocalisé (fin de longues peines, rétention de sûreté, assignations administratives...). Env. 100 par an.",Lien1: Cassiopee; APPI; GENESIS,
RENSEIGNEMENT,National,ACCRED,OUI,[Automatisation de la consultation centralisée de renseignements et de données],2017,"Recoupe 9 fichiers de police ou de renseignement pour dresser le profil de tout candidat à l'embauche en “milieu sensible” (nucléaire, militaire, etc.). Liste origines ethniques et opinions politiques. ","Recoupe 9 fichiers de police ou de renseignement pour dresser le profil de tout candidat à l'embauche en milieu sensible (nucléaire, militaire, etc.). Liste origines ethniques et opinions politiques. ","LIEN1: FPR, TAJ, EASP, PASP, Gipasp, FSPRT, FOVES, GESTEREXT, Cristina… (placer au centre?)",
RENSEIGNEMENT,National,ASTREE,OUI,Assistance et suivi de la radicalité en services éducatifs (mineurs),2017,"Jeunes mineurs suspectés de « radicalisation », géré par la PJJ.","Jeunes mineurs suspectés de radicalisation, géré par la PJJ.",LIEN2: DUP; CAR; CASSIOPEE; FSPRT; EASP-GIPASP...,
RENSEIGNEMENT,National,BCR-DNRED,OUI,Ficher de la Direction du renseignement et des enquêtes douanières,2016,Surveillance des trafics d'armes ou de biens liés au terrorisme et au crime organisé.,Surveillance des trafics d'armes ou de biens liés au terrorisme et au crime organisé.,Lien: Min. FINANCES,
RENSEIGNEMENT,National,BIOPEX,OUI,Protection des opérations extérieures,2017,"Fichier biométrique (empreintes, ADN). Recense militaires décédés (pour identification), soldats ennemis capturés et ceux pouvant menacer les opérations.","Militaires décédés (pour identification), soldats ennemis capturés et ceux pouvant menacer les opérations.",Lien unique: Min. ARMEES,biométrique
RENSEIGNEMENT,National,CGEEDRT,,"Conservation, gestion et exploitation électronique des documents du renseignement territorial",2016,Fichier du service central du renseignement territorial (ex-RG). Cumule les données des cellules RT de chaque préfecture. ,Fichier du service central du renseignement territorial (ex-RG).,"LIEN1: Min INTER
LIEN2: PASP-EASP, GIPASP, FPR, GESTEREXT, FSPRT",
RENSEIGNEMENT,National,CRISTINA,OUI,[Centralisation du renseignement intérieur pour la sécurité du territoire et les intérêts nationaux],2008,"Géré par la DGSI (direction générale à la sécurité intérieure), fusion DST-RG.","Géré par la DGSI (direction générale à la sécurité intérieure), fusion de la DST et des RG.",LIEN1: Rens INTER; ACCRED,
RENSEIGNEMENT,National,DGSE,OUI,Fichiers internes de la Direction de la sécurité extérieure,-,Plusieurs bases de travail non publiées (dont celle du personnel interne). ,,Lien unique: Min. ARMEES,
RENSEIGNEMENT,National,Doremi ,OUI,Fichier de la Direction du renseignement militaire,2007,La DRM utilise aussi un autre fichier distinct de ressortissants étrangers.,,Lien unique: Min. ARMEES,
RENSEIGNEMENT,National,EASP,non,[Enquêtes administratives liées à la sécurité publique],2009,Postulants à des postes sensibles (similaire à Accred). ,Postulants à des postes sensibles (similaire à Accred). ,LIEN1: PASP; GIPASP; ACCRED,
RENSEIGNEMENT,National,FSPRT,OUI,[Fichier des signalements pour la prévention de la radicalisation à caractère terroriste],2015,Alimenté notamment par les « fiches S » du FPR. Recense environ 21 000 personnes (2019). ,Alimenté notamment par les « fiches S » du FPR. Env. 21 000 personnes (2019). ,"LIEN1: FPR; HOPSY; 
LIEN2: PASP-GIPASP; Gesterex; Min INTER et ARMEES",
RENSEIGNEMENT,National,GESTEREXT,OUI,Gestion du terrorisme et des extrémismes à potentialité violente,2008,"Fichier clandestin jusqu'en 2017. Cousin des fichiers du renseignement territorial, de la police (PASP) et de la gendarmerie (Gipasp). ","Cousin des fichiers du renseignement territorial, de la police (PASP) et de la gendarmerie (Gipasp). ","LIEN2: PASP-EASP, GIPASP, FPR, CGEEDRT, FSPRT",
RENSEIGNEMENT,National,GIPASP,non,[Gestion de l’information et prévention des atteintes à la sécurité publique],2009,Version gendarmerie du PASP. Équipé d'un module de reconnaissance faciale. 13 000 inscrits (2015).  ,Version gendarmerie du PASP. 13 000 inscrits (2015).  ,Placer à côté de PASP = mêmes liens,Équipé d'un module de reconnaissance faciale
RENSEIGNEMENT,National,PASP,non,[Prévention des atteintes à la sécurité publique],2009,"Fichier du renseignement de la police nationale. Peut recenser les opinions (politiques, syndicales, religieuses) des personnes et de leur « entourage». À partir de 13 ans. Équipé d'un module de reconnaissance faciale. 68 000 inscrits (2016).","Fichier du renseignement de la police nationale. Peut recenser les opinions (politiques, syndicales, religieuses) des personnes et de leur entourage, dès 13 ans. 68 000 inscrits (2016).","LIEN1: GIPASP; EASP; RENS. Min INTER
LIEN2: FPR; FSPRT (terro); GESTEREXT; CGEEDRT (rg), Cristina (DGSI); ",Équipé d'un module de reconnaissance faciale
RENSEIGNEMENT,National,SIREX-DRSD,OUI,Fichier de la Direction du renseignement et de la sécurité de la défense,2014,Outil de « contre-ingérence » (sic) destiné à la protection des militaires et des installations militaires.,Destiné à la protection des militaires et des installations militaires.,Lien unique: Min. ARMEES,
RENSEIGNEMENT,National,STARTRAC,OUI,Système de traitement et analyse du renseignement de Tracfin,2011,"Détection de transferts financiers occultes (terrorisme, crime organisé).","Détection de transferts financiers occultes (terrorisme, crime organisé).",Lien: Min. FINANCES,
RENSEIGNEMENT,National,CAR,OUI,Prévention des atteintes à la sécurité pénitentiaire,2015,Fichier de la division renseignement de l’administration pénitienciaire.,,LIEN2: ASTREE; PASP; GESTEREXT; CGEEDRT; CRISTINA; FSPRT...,
SANTÉ,National,DMIMT,,[Dossier médical informatisé de médecine du travail],,Géré par les directions régionales de l’emploi et alimenté par les médecins du travail. Accès possible à la plate-forme Mon espace santé (ex-DMP) après accord de l'intéressé. ,Alimenté par les médecins du travail.,"LIEN1: RNIAM
LIEN2: MES (ex-DMP)",
SANTÉ,National,DP,,[Dossier pharmaceutique],,Comprend la liste des médicaments délivrés et la mutuelle de prise en charge.,Médicaments délivrés et mutuelle de prise en charge.,"LIEN1: RNIAM;
LIEN2: Mutuelles",
SANTÉ,National,HDH ,,(Health Data Hub),2021,Consortium public-privé autorisé à utiliser les données anonymes du SNDS. ,Consortium public-privé autorisé à utiliser les données anonymes du SNDS. ,LIEN1: SNDS,
SANTÉ,National,HOPSY,,Hospitalisations d'office (sans consentement) pour raisons psychiatriques,1994,"D'abord géré par les préfets pour le ministère de l’intérieur. Depuis 2018, la base est centralisée (Hopsyweb), les données conservées trois ans au lieu d'un. ",Données conservées trois ans. ,"LIEN1: RNIPP; PMSI; FSPRT (terro); 
LIEN2: Rens. INTER (PASP-GIPASP)",
SANTÉ,National,MES,,Mon espace santé,2022,"Ex-DMP (dossier médical partagé). Utilise un numéro unique dédié, pas encore le NIR.","Dossier médical personnel. Utilise un numéro unique dédié, pas encore le NIR.","LIEN1: RNIAM; PMSI; 
LIEN2: RIM-P (psy), Mutuelles",
SANTÉ,Local,Mutuelles,,,,Assurances santé complémentaires (mutualistes et privées). ,Assurances santé complémentaires. ,"LIEN1: RNIAM; DP, MES
",
SANTÉ,Régional,PMSI,,[Programme de médicalisation des systèmes d’information],1996,Base de dossiers personnels issus de tous les établissements de santé. Tutelle : ARH (agences régionales d’hospitalisation). Relié aux fichiers des SAMU (urgences hospitalières).,Dossiers personnels issus de tous les établissements de santé. Tutelle : ARH (agences régionales d’hospitalisation). Relié aux fichiers des SAMU (urgences hospitalières).,LIEN1: RNIAM; MES,
SANTÉ,National,RIM-P,,[Recueil d’information médicalisé en psychiatrie],2006,Patients suivis en psychiatrie. Parallèle aux fichiers hospitaliers (PMSI). Remontées anonymes aux ARS. 424 000 patients (2018). ,Patients suivis en psychiatrie. Remontées anonymes aux ARS. 424 000 patients (2018). ,"LIEN1: RNIPP; PMSI; 
LIEN2: MES (ex-DMP) ",
SANTÉ,Répertoire national,RNIAM,,[Répertoire national inter-régimes de l’assurance-maladie],1996,"Allocataires de l’assurance-maladie. Permet la délivrance de la carte Vitale. 71,3 millions d'inscrits (2020), dont les expatriés. ","71,3 millions de possesseurs de carte Vitale (2020), dont les expatriés. ",LIEN1: RNIPP; PMSI;,
SANTÉ,REGIONAL,SIVIC / SINUS,,Système d'information de suivi des victimes,2016,"Suivi des patients pris en charge en urgence (SAMU, hopitaux) lors « d'attentats ou de situations sanitaires exceptionnelles ». Géré par le ministère de la santé, Sivic utilise l'identifiant du fichier central des victimes Sinus (plans Orsec), géré par le ministère de l'intérieur.","Patients pris en charge en urgence (SAMU, hopitaux) lors « d'attentats ou de situations sanitaires exceptionnelles ». Géré par le ministère de la santé, Sivic utilise l'identifiant du fichier central des victimes Sinus (plans Orsec), géré par le ministère de l'intérieur.","LIEN1: PMSI; Min SANTE
LIEN2: Min Inter",
SANTÉ,National,SNDS,,[Système national des données de santé],2016,Base « anonyme » d'actes médicaux destinée à la recherche. Géré par la CNAM et mis à disposition du Health Data Hub (2021).,Base « anonyme » d'actes médicaux destinée à la recherche. Géré par la CNAM et mis à disposition du Health Data Hub (2021).,"LIEN1: Min SANTE (CNAM)
HDH",
SOCIAL,National,CRISTAL,,[Conception relationnelle intégrée du système de traitement des allocations],1996,"Fichier central de la CAF. Des dizaines d’organismes y ont accès (Pôle emploi, services sociaux, offices HLM, transports publics…).","Fichier central de la CAF. Des dizaines d’organismes y ont accès (Pôle emploi, services sociaux, offices HLM, transports publics…).","LIEN1: RNCPS; SDAS; SIAO; RSA; 
LIEN2: Pole emploi (DUDE), SNE-DLS (Logement social)",
SOCIAL,Répertoire national,RNCPS,,[Répertoire national commun de la protection sociale],2007,Bénéficiaires de prestations sociales. Utilise le NIR. Alimenté par une centaine et consultable par un millier d'organismes sociaux (types et montants des allocations versées à chaque individu).,Bénéficiaires de prestations sociales (types et montants des allocations versées). Utilise le NIR.,"LIEN1: Cristal; SIAO; RSA
LIEN2: RNIPP; ADGREF",
SOCIAL,National,RSA,,Allocataires du Revenu de solidarité active,2009,Fichier centralisé du RSA. Partie « orientation » gérée dans les départements ou les communes. Partie « prestation » dans un fichier national.,"Partie « orientation » gérée dans les départements ou les communes, partie « prestation » dans un fichier national.",LIEN1: Cristal; SDAS; RSA; Dude (Pole emploi); ,    
SOCIAL,Local,SDAS / CCAS,,[Service départemental et centre communal d’action sociale],-,"L'aide sociale dépend des départements (SDAS), mais certaines communes en ont la charge (CCAS). Chaque centre accède à la base locale avec des progiciels d'accès d'éditeurs privés (Iodas, Cortexte, Vitality, etc.). ",Aide sociale dépendant des départements (SDAS) ou de certaines communes (CCAS). ,LIEN1: RNCPS; Cristal; SIAO; RSA,
TRANSPORTS,National,API-PNR,,Advance Passenger Information - Passenger Name Record,2013,"Fichier des passagers aériens passant sur le sol français. PNR : réservations ; API : embarquements. Env. 100 millions de voyageurs par an. Un décret de 2019 devait l'élargir à tous les voyageurs en train, bus, navires. ",Passagers aériens passant sur le sol français. PNR : réservations ; API : embarquements. Env. 100 millions de voyageurs par an.,"LIEN1: FPR; N-SIS-2; FOVES
LIEN2: Rens. INTER + ARMEES, DNRED (douanes)",
TRANSPORTS,National,FNPC,,[Fichier national des permis de conduire],1972,"Consultable par une foule d'administrations ou d'entreprises (assurances, transports publics). ","Consultable par une foule d'administrations ou d'entreprises (assurances, transports publics). ","LIEN1: TAJ; ADOC (contraventions)
LIEN2: Rens. INTER, ARMEES, DOUANES",
TRANSPORTS,National,FOVES,,[Fichier des objets et des véhicules signalés],2014,"Fichier central alimenté par les enquêtes de police, gendarmerie, renseignement.","Alimenté par les enquêtes de police, gendarmerie, renseignement.","LIEN1: STC-LAPI; ACCRED;
LIEN2: PASP-EASP; GIPASP",
TRANSPORTS,National,SCA,,[Système de contrôle automatisé],2004,Fichiers des radars routiers (relié aussi aux fichiers des locations de voitures).,Radars routiers (relié aux fichiers des locations de véhicule).,STC-LAPI; SIV; FOVES,
TRANSPORTS,National,SIV,,[Système d’immatriculation des véhicules],2009,Fichier des nouvelles plaques d’immatriculation (unique et permanente pour chaque véhicule).,Nouvelles plaques d’immatriculation unique et permanente.,LIEN1: STC-LAPI; FOVES,
TRANSPORTS,National,STC-LAPI,,Système de lecture automatique des plaques d'immatriculation,2019,"LAPI existe depuis 2009, le service de traitement central depuis 2019.",,"LIEN1: FOVES (véhicules volés); N-SIS-2
LIEN2: SCA (radars); SIV; ",